titulo_valido,contenido_valido,titulo_mayor_255,titulo_caracteres_especiales,excerpt_menor_300,excerpt_mayor_300,twitter_mayor_500,twitter_menor_500,yyyymmdd
Asoka,"Phasellus in felis. Donec semper sapien a libero. Nam dui.

Proin leo odio, porttitor id, consequat in, consequat ut, nulla. Sed accumsan felis. Ut at dolor quis odio consequat varius.

Integer ac leo. Pellentesque ultrices mattis odio. Donec vitae nisi.

Nam ultrices, libero non mattis pulvinar, nulla pede ullamcorper augue, a suscipit nulla elit ac nulla. Sed vel enim sit amet nunc viverra dapibus. Nulla suscipit ligula in lacus.

Curabitur at ipsum ac tellus semper interdum. Mauris ullamcorper purus sit amet nulla. Quisque arcu libero, rutrum ac, lobortis vel, dapibus at, diam.",Dgv2uVeMqpTS1ti0HQuM8Zv2C70OPKaXLXf01a2myc17FHk1ycNcvNJ0xOHMnJrT0IU61Tz2XT6pz96EKqo63nxZQ4gcFbYDY15eqKrpI77oZoY2sX5ks2T0KHZkO8D7jp3T3gUn91k5Sk6Bevynvfrf51lZtDyzOKbTEMroSwOWC3Nz4R4qfucDlmP8lcUpPJOx9qMdM0aQDD5b71we9T8r1EzUr6Fo2EMqd8HrXypCRpZys3lMk8I75Lf46YeKL82964j8Mq0WvVvkyweK3GcKOF0chCk2gmtSCVk53fQK7PQ4Z0IsB5sP58lrnSrARe1q56w266IjHi2MlkjPhEt4X7gG8tl032wk9vTaJd3vE82HqdWZ,^+,jMh8Ng53YsGU1D6J4ZPG3dz75e616AT4vI5Oa3tp8AZkxwcYEZD6hjFuptl76QSSSv4nffD5xnsySjEd9Ide0xP0tEC,wja263Qq5H8574hw36kiV5EmAA92M3jyxQHOk03nHo4w0OBw75Nwzgw61VPWqRSh70R2p03R95D8IqMg6304ZXAi6Y6X0i1K9Fb5Ln3xl0p7PSnEWXPDJ348OWGopps1x12baGNh27aq9z2NL4K03IK6O9xxEdd6qUt5u46wFF0K5Rav88Pnnz2MNUo9aHymr4f6F7R4AQa55X5d72Forz09nrdxRqEybv6Jk93V91vxgNA1DyFVY3R4Oqk5sb4CGKWJRJ01O0eENqEgh03bY1isGc2OAMkQV2490n4hYD4Ka9EUgLhlTq36Hu1K13K2LodE2QQKKmpyhaw6,N58y9UufPOycnPoZ49oC0wwcnun0FbPe9lDZO7RyDD2N9g70UWj5HI4016n0kkEloHK98qSJVoM0ps3gT48spDS0M1hf0Hokj8cCqgey1wt3NDI0IXI83W63Trk1o0Df6Z3y4IS89Zs5390KBdUrBRoG4OsS3MRipH1o98UZ0T9dP2L5XEm334qqlQN2ilB91Y30ZY8D92oMjpwj50i1gCP4UPF99Fr5m483Tg3cwdX7y591L97IeqdT7Q8ggmR2NNsK06uQP6gDtM7AZ2FEZO4t0LN5PDp3g0zUx71niqfD59bddJ724M9O7bU4j0Nr7bSZcbzW88YvD474zesO8j2ArmFc76pZgd7BO8N3rG4Hd23c01EyLcJI3Oun53nSd9EyN32hr6jV3vm4E7pIdlHMLyrOiXi4i092wzG0XsE7G3pa25nmJ9JA1XDLQNv979cA4qIm2JfrdTz7xoSYWFUx772Map5rs4O0IF1owM7rk7r8Q0pV15GzDG2lv5MvZEngw2JtV0Jn5O37Twb9iC2w,PEjD027dhf46W9B15vUF3y9p71497bi2pZ57cf65CCk26oQR23ACtUJ396Z0VQ2,2011-06-02
Matsoft,"Donec diam neque, vestibulum eget, vulputate ut, ultrices vel, augue. Vestibulum ante ipsum primis in faucibus orci luctus et ultrices posuere cubilia Curae; Donec pharetra, magna vestibulum aliquet ultrices, erat tortor sollicitudin mi, sit amet lobortis sapien sapien non mi. Integer ac neque.",AbSWvct9U6uCo9Jhh3hUn2S3fp64y9wOZ8n7O4wbV4SN62tXr933e3a6kSE6KPkYL6F7RYuvHcv94Gj593N0Mq106UScQBtaN0mmJeS0f7r1YjB0d7lAV55881A9261Swi6V0iirz2YP1bW0P1OuvwlBUiichf6k0ZXno6407Frxhayy471dJhssvwlwdPRwJZqi9Gm8j85G0vTg8cVTC3KfrVKjm82D2k15AZP7Z74NG7JUy3XI24EJC21o77AGCtFq8U2Ys56b048D9LePJx3VryZKK1u0e9yPA0q9ejS7jY8M0M382fMU29XbRXTRtBRuO9Dp4sFR1k1lX5QQlo1vBh3z6k88behOy9kjBYGwgED42i45srY522IlBQi1301h5gR3cT51zM6014vgMBkE757JiFO4fIPSo48t9l1l,K+,2ay6a1ranMuGLMwrXZaPHSjh304vZ8ygY0MlHI9zda78vtUEfYcCk0O58mQg3s068L5JR0B6HE30YxYm65I9g9heNVf2NytVrm6nqLK055y4weIr636uW90C7grAdXKJJoszhUl8lk21Q926VFXoDxC2Prh59nKk6thS0bGYBTeF9tM469K62vu20d49c06Qg8T8mJ5Y81u7K23YIsTM67QWY0nsvuM,XRp4QH8Emb163n2XnhzWUGi37Zhu72bgu1aP9XQk2E3sdkZl9S4JFFh00XlOoX8yqh2fnG0r9a5eImLJKR1aTS4UAhL4AHY9BSXcXF4pGJV7Kz09r4868pjpoOpAhoTWnl5I37TqT3w956K51j09Su9O1oaJ535BFFFj5Nu8K6b8Oj2AC41EYX0o3Z7898308L35SfZwBk5puDf7tGYLhGgWD8rZm53IL6XXF2xA056cnj1bd7SwUQdhi2elIbaR7ia7g325T671J1Ccd5d3tR1td212tGe22C79dzqm0oTa4VAXe0271gAl9J9UV2J7fU7A9l90qSIJyVz2Bnok02dMI1Krk993a3885Wr41TH38JSXG3l0KLj7JN0hRZ8NkC7iUW9993kmx9M2m5L0nIVPt35B3GmNH695kM7M379,vKs91193D3FnCaLox0G4Y5t6361f56VVYL0C4c390My30cK8257275d6tB6DY8cBg1obZt064qma19Z41rrlUQTY4itlEZN102JG1b8TfDl3T65O6zMDnAmEB9mlWM0hu9Ig4Sl513UR7DZwc06o1w4FD9JG4JAN6sa7tRrSEBl0vo7gn87Uzvxr0Y3f8SULg5BKunLTCxctE87n98RR68ih3BH2e71a7MZ2173pz6Ebf0Ft3t0gHQf8IbFjl0034yUY9d0so6SL77BGVYn7742l3b7EaSNFN5HSjoh78nQ961M2Csbq7a13fjqvwQ0FC29M9T8TEH9D68tKO9i79ixS11kKH8G1KhdRo91hDrlPfeMPpoi7G01IQR6m61600z69Ncst15gJhY5OwhU78lX2VeU1sbeIzRZI80nVbB8cZl9K0hETO1NDd1IR8TCwn9Wk29I82f2hULJ20mroi22TTe9SId3m094212MV13zCe08bHucd4934jQ7NA2KT1n4uQZz3fwHlfyXVq0irc841t61Si1f1DeM7w03yjjf8w3d92dtS2Qw434z1jqX5j83Lm7CxK4dI57PIfdWmV31Vd5drc5B1gk76mBw38l828dVfUoVKHh49NHQYCXOQziagN2YzBI03rzi72eqW4oTb7gGckIiO1q7kzzo9D0cwfUzxdvH1T3wRdj9VWqiNCC7Nx4nIWZF41cHkrb4vn5129BLYBVqt73od7m822W3Lp536lnz09P1nb8r15w35K3YcQG9H4lzBfH1sTGDb14Li1X3F78niZ96yD86ZssBUTyxd3VJdkAK8g9oVVX7,Uj86p2F798YQ2x3593Z2g0262f8Kzc75JjeNIdp6lBBYB66g0TNsZbH0F7EKFO5qMPX7Ut7yBtVbJ9EcyJvO30JIb0filVe64nzbVk7aPtC1rhJf4621vlv03D3Sv58jG9XwBEFCj1Ad7lOyJF3WB5quHBh80ki1CoPfu0YjGyeq067sSBBI9B5FI5m1C1SsD50n3r53Ajo937L5656l7Ns3V6wtG98zjh0yFbYbd9UYdu6ZN79Y95gnzUy3x12qFVpR1fHyego0kt5mq4td0VAF651hrdvXmXNEi6EN70Gw0CBO3FY7W49ek27482M3b8AKQjmQ31fzAYg7Ia5CUlkYPM3DDzidVfUtn157AfS9dlKTa3dlo2k6,2020-09-02
Bigtax,"Phasellus sit amet erat. Nulla tempus. Vivamus in felis eu sapien cursus vestibulum.

Proin eu mi. Nulla ac enim. In tempor, turpis nec euismod scelerisque, quam turpis adipiscing lorem, vitae mattis nibh ligula nec sem.

Duis aliquam convallis nunc. Proin at turpis a pede posuere nonummy. Integer non velit.

Donec diam neque, vestibulum eget, vulputate ut, ultrices vel, augue. Vestibulum ante ipsum primis in faucibus orci luctus et ultrices posuere cubilia Curae; Donec pharetra, magna vestibulum aliquet ultrices, erat tortor sollicitudin mi, sit amet lobortis sapien sapien non mi. Integer ac neque.",3nqjvPFT464NkZHk5MZ1272gPI1u060jDllEcLZp5ZOyTi029PkHwtTGsklZRX04Jywp4SCaTGmcVg0806Yqrl41gk254S7OjLDjyn1a02qQuiqVV1j7r0rMLbg6H7RAxFhSTVwMQZU2pGfTHKbS631cQCDU9l3mpIrAgnosY1xA9KrK9HB1A9l4whptsni42t3B0uThOp1ZTBPlEUrr26sB1t6e25Tv3Gz0F19D00t6EZgA7N9UV9XiXvHgZkfg5ahlq4fj0M3181O25tJvYn56JzxHIo4quIiml4L9wC,6+,0Yp4bKF6NY61DKzuhKe8IqAPY5J4WjuQ3fvO762g73Zc04OvBZvoIqC9gFn78I58a2kISql9bNda67840e4kJw5jE2L5iYdzgKRJD61hK44Ta1H25BLhC8Pkrjcvv9oLIU55D7W2Xm7M4Psk0ZYNXC3y6TI05iq8gM34XFV4zZ98WuWjd4gOL0B8qn0ms47cdWysNm83CVWH6k7HuOFS4bHU1v3I9w71vAVyI9eEF56NUe59BdM6oua88iNKt5h8,a7U60D4fFa9mD6NDzk382S8oux8AK4LP5TFLsNOlv29fn69Ogix6j1Ixho6wog1mK6oT6IC2Afzwa4bnVlmNBXMZ38n6m45tCf6g0RcpUsEa9b01Ma5V2UYh8Z8FA8MmyYp2b5krZER4g5I79d9sZL5SbhVAUfWit780Mc7wPFwJ1qky9Zi40604v57o3IMtbg8m42cvYmB3LcbKWS5nKD65DcB0yQ7R1WbrwZMMaQfM9A811T8y685aazJ5qIKkRk8Q62NI81Dp1hoq9r8Czv4X0G9896Lc695wQsOj26k3Y1j0Od5atWmgqyax88izizZrhpqysJhMKT357pgidklG8twml8xzRGkO877CKq15u2ELB2346he4rkoylcnpG4mn87j0yWpuNV4PB14yLAm33p4QSrZvl4akh9Q035GV9jT1xONoT0TmUv87hy2OxMc,sAhn1O3CI2Ce3R5CrEq18bp973Siqk27n5Vnz0H9NrYUSMcuO1pOE621ey73luTZ9b1mfMWzP37AsoryXDmr87wGo24azJK8Vgge70KF9uSYHvr81SfNTlCmV64CGxf6vI0g9bgFR907CT2ETZnbQ2QZv2oQ1FNUW942D72g1xgm110gUoPgDNl51S1q5CS7HE3M3zAtE71r2s870ur984a0A6y6V2VxBm079hNy1rN6Bt5TuQgc019YDn4bOe0NUVYXv268p2Otr26RwDbOdzh71ZECHb54u33MBiaO0y8Un1i2cfPk7fGF4d0Vut4RJkzNEs1nDdqBAMd7V52qXbUjeF6b070hmiFk415qXC8f4I5UpvA4s2A1J5qAv9LQjaoWXnk5q5Y54I0I4grNMck1PYn3dgz6L8jL0FAzR1360TSTlnpExjDpISqTE7438vPf0J3t5dDXGBYa1zZg7RqgLMPYtBjGX70B1VZLHrPE1ZDjUqIaWIT8AER1IcA33S2fi30G0CNI2TTcZzM49iE60BnBWNp0Ei08Dr24XKc1k1OG3fTBs3amk11r4Y9WJumYlLm0dODNJU1ZZ9v01YZo9YD0ZmUF5XWq75BP8xbYZx824Y5JgB419w4lHw2XD650d1Uralo907B8UGPEp5Poae43V85lF4HUfyXLDB79U7jhoD7FrUk06DCI0PZl2QJ6YZ5km3M951VFqn3Tj6Y9b1Y2SM4yZ8SnITO1pS33QdBPqkJxrtTys53Z9F7lWQb0W4ckUeyWo,05QwLP8613Bff83W7,2012-09-19
Namfix,"Suspendisse potenti. In eleifend quam a odio. In hac habitasse platea dictumst.

Maecenas ut massa quis augue luctus tincidunt. Nulla mollis molestie lorem. Quisque ut erat.

Curabitur gravida nisi at nibh. In hac habitasse platea dictumst. Aliquam augue quam, sollicitudin vitae, consectetuer eget, rutrum at, lorem.",toz2CwxaBupWvwFClXkj4eD3w7QnHk7xtv35203O039VqezITtBH3318Z74Il1s9pD4HoO5aO6qMJx3ZiMCSMc3ct452pX3N1pH6xBMMhYNnR8L1MQ9awuE0k51tJ8Fo86561hnPGN1rvg740Z03DgqmBtlUj88ICLgFRmvMO8YogrkkzA47AwEZB533oh52dXvHG6xXP14PSm3rf66sBFKd1xZZWaAtJ56asmpJ6t00749vXF1z6nh35ZKo25uFDdP7jBVLfA3X7A5pMph8UWlsP13Su3Wi36QBK98Jf2I3Ia4300nnlq1YI3mG5wu0vurJbUej8qMSV4ekbDjZf697J4kiAiAcPYmS6ylg79Q413M9WVCQ4F9nL6n,s+,lKHh352SGf6GZw9rTqLYa1I3PlA71Y4IhXTz6Jj3qPS4jvR8tloO1U5VCuB7S7yeGMF3Tk2Y0IJCX3nTo1V1eW53HPJVBIO6S5o48YTO1jz2DUeX61Fbv5kObNp6aUErX5dyA8lw2rkt5UkZqiwSY2SKGKb5N1i5cgEbg7KB4jhZ4L29xn5g5373mPeG6UoL5qS4lw2Tl9YCvk8d0d6vd5IsKe62t7aYR6vX7bq21183a2GeLeL4TLW1umqLr9T7GZ1V1pamm2hbA3cMpX5ok3l7,y1vTqCPz17HN8F9CFP3cU2k87cbL8Tq82A95974aJe3qna5V70C1xS2Q2ThqD7470qoX7R142F62O2CgFBr828P112uaShnq8tI4883rDMOX5hOAdGFvtqR8xFU9JDive48BnEmwDqDgEFGvT5xhs2Nbi8VE8EnSinEhjOxmYd0wx2aeaNx5neDPq5hq19d7muQ40rVlf54Se2R29s3k87QlY2L6LJ3FdA4ag4U1wBT9ES9Y200Dk4eN4CV19c8C8sBm3klR25LnBY1FW8ZXg68k1ddVpXF8K19b6VyO4rqmrC7yksgAHDQ3M443rCo4xry3fmQ0rhEUbdN3vPlicqtr9K5grVFsH,uBoy0GWF0X86Z5ly3e1X0kY136CzIAxSxghT0CZjT83OO7d9h011f3fDy597DZ51mYfg91sh8x6zDjxrlJaS7jfIcV2EYDx7QKdU8NSVb11iJEBjsWj9XvSOoF9j4nIBAb8KycKS4s7w141TqVkhP89FCPhMjkLgIU8Az7QVe6tlfzQZI7jY8vNgpYAqSXVmYkK842TLYNm49mHg0eR9N97c690Fd9o05MW7c0ywLn8T159Bx84gpT1AQT9RuT908riIELcZm62yAG3SjPTGq0658FXip1SGkJEJ46446as4jm3jVX2y5rK9Y56xR0uzRi65bL3d47ajbCpuFTnuYzdh7X4YLtx5J0K144mc5j9aYIu5bX04Fav06hS9m7aqA693Ja9T9611zTC5bU33lmo765e1XqmiQuu05t6Aq2tOP0915ZmZVhl1HuLpg4b0GJulGCDWL74nIosrB0M080TwWKZ5pMV70nvpSTzTm5mWddj7qJjB0L6E6SiNo21YB0aaS9K1suc0ZdXqv8pB11KcF0dDZ5GuYdw15E24MdrmvX3Yb20e2C903xSTNLYPrj90drQ5P7Gq5q5ZV8IH1PKaUZ05Kgi0GNET6qEiTtG090t3X5Okn2CwVuJp6Rf05A70DC26XVn5PQ1v68s312qJ3AWsphd1puczjhYbESP2sQZrc2I7g4h27vofB8WOBr2L1vd4D3r47CB13HGarZfSkDr618RE,8n7nG7SKA5dIVZ82T1f9v98Z1KvG68cBL1ne7CcbCvn24g3sO04RQ921v58ZGu0rbifGKSSEqNe9Ia071g,2013-01-29
Tres-Zap,"Cum sociis natoque penatibus et magnis dis parturient montes, nascetur ridiculus mus. Vivamus vestibulum sagittis sapien. Cum sociis natoque penatibus et magnis dis parturient montes, nascetur ridiculus mus.

Etiam vel augue. Vestibulum rutrum rutrum neque. Aenean auctor gravida sem.

Praesent id massa id nisl venenatis lacinia. Aenean sit amet justo. Morbi ut odio.

Cras mi pede, malesuada in, imperdiet et, commodo vulputate, justo. In blandit ultrices enim. Lorem ipsum dolor sit amet, consectetuer adipiscing elit.",Vygz5QtNI4eeNZaXP0yc963O1x60kGo2bW36BE21q5mSnoMZb64E3an7Ax0CF02hQzCEG0Zn3buZJDAO1squ7pi3u8C5YfCaL7X96jsp8Q72Jge85F2Ba53Un1Fw7V88i6938IM8k0hKCt95MYBGKHL8vaO1MQ71eajaMj36C5X0w4BHP5r94z5z79ufdMjjqiGU21YvUS24sQsx7Jz1p70h640vPfyxre9JD8944Mj7vcyDWh6LJE68h4xD9k8z4O4fnnLKL1J8sa3U1Jaa266TGIv6sbx13mhp2vD2gp2Z9cj7i5fJxtyR06BpgAeY0DkzdG1M28RQko7Zlm0,s+,xS5zgFs977n86j5Xc98ey75Q2Yb0Izm5uv1shKyI3e1wPUXAQy8AK44wtnBLI0siCuu50FKspBn2912356STzGYtk3oEDSuUi2Jcfqea8TOcNv9RyIn5mgs0T38ijd5F2Q6lwXHx4o03kwVN07ah6m01s705r97xFGQ3mMRk6jTqUh0e2YD5LpRA2q9VXklP9T81pVwrwdO0T32kmim4r45a5wz39h6xm45xHd8h6jIVxF1,wr0O7vcDg3D302FmKn2W6Xnx2FgPPCwfuppiSQKOIFE56Al2V5LrJ0vddCUJ17S7T8k36b9bRDlzjV6fI93FPY14zcSB097bje9wD0G91UUuXjdW3usPLAN9Z2mW1jPRvFC7qvg9GFu3oViJYm9l0E7nkD8zyALkTXI7rL5BVP4fcz3gfMvntsiM6EfldQc5XBzWj8766aeD5IrnjCXNROD996C38Tf720c9QfRtris17c2TbuclMydr3UkE79I1n9BovFMT4Ofkt7H0MbIm5W03uPq07Tk8IR2gCHOB96HD9U,PGZwCt1wuoBj6xwl5qOjfGLJ2M8b81KJ4dN0la22Kwudm7zdXA17A0e6x54g230z5A8A5Ix0D32h1prl9y99US1c1UW47M1e2cbqI5vmzK50f30HYTZb4oYLzP98y1zySAApwg43khPFA7oD90K5pL7ryUBib9nF827SH492jQO422735VDUrJ6c3Bfnzx58RReBf4r4XiFBO81H5vtd1MLZ19fDphHRRFirOYV0a5K7jFO8t8ojS48Y3yqkmO1rXsuuTRGVcTwm390OG7GEtBHnfxEAvbxX49VrrlQaVZ25JHkL6JEbbOb14xf3EdE1b46xxuv3X5142d0L3fU457GF1d70KO7MFmQv49t33X4MGyZblWdtQkz6SzwdbMbmBi21t5kR3lOuimvQw7j354Q2XTHjoBP8QQ5Dv6SGi5XO1qMdb9rjXTqtKf26WZmkTO0nxc9YngSQ4KvX31QDZO5cPUyz4I5uWKxLC75LThLsGA8sn94m32tpEaEhmdt680cSKc85eSpTyIkC54,pJyXUG0ZGH2O7dIYYboQTF217mAMb5W3duhdCwX7uc46V32FSi4JWs2CK186pBe3rCKC9euL1aLkI11B4OS9WDv5F4Lbz4tXorsmy2e3Gk356UyfHoj3y26RsBLL46vE6iS2gQ3jBj5ywMeV7rx1Gm57lX5W0yYugn001P68s38YQ7v3pc1L526xdQ73QPN,2015-02-08
Lotstring,Pellentesque at nulla. Suspendisse potenti. Cras in purus eu magna vulputate luctus.,F8M0GiDvV630GW5ip29s009qf5482i3015zIKTJFt872KWrb405l55376qKsg2l7Cdg1Zq2WDokg4p60Bp5S128xkXjbH3ETxG2m85D5pLISRJ17EyiVOpYTgxL6mpl4W8p4ahr6pNk5GG75m3H1EG6j1KC6j779do9amEUVaHe5H78958jF8sL8KkmyB34uc8CtDqDF2RUb4p49l4VajHhzW0IuCOMV1O6PqTH4O51CkJgrBVL21A9ZOBQ3PMMVuxzH50oa41LjiDMEYPVCojG9fBVIDLjYK7sBljsZt47MkCZh46YAMG4A3aP6CZmVVzu4Bib8n80Wc529Q6CHVCcSbSQOrB39xD0oeFpaA1ka5W3q5r2GHuZR67H0b1OHK4jJaQush04dZ2G6QO060927Uw33IzhwzeG8dc5j3P7kovTwWeFhO9oobe,^+,3cXnWW4u1Y68k5599M0wAZhk442sjd0624tWW7Ox6562m4I0PV28024w,8351Ps1HJ61pkRz02yeaN8wCUma7fwKg9SP5cXzraPI2SsNdZG77rp8n8htlSF30352kI23wk3j61OIvWL42NhA7nfm2HqASY1lvl3CEF40HUhAWVAi12SLk47lHLp3qbMVX08aP150wYhY7U8sX1C42ZGqW0B3Mpt95T56wHR5d27N0b074P5P3649TmaLsFXJ1tLLLNGh5K793XaL7Wyi4Pz0v64U7XzXdIR52b6mVRzL528I36P42xk4jTs0xX99TqTr85FozDZtx33I7pz417APC2I3OeD94dog8Zw0JI3E4ptlutWs9xT93r1wD49YxjaTCe1mw2lM5vQvHt7fK4upsjG56gRR,sMcA6RFXL568sV2gr45puPwaJO33pl83WR41I6J63hRmbJmq8oyvcE7W1sEJd4QS7vQEjhV3uRIWprQ53QuwT7ggKW82DgCiLP6U3rn4Y9qNvv44KHBFTqUiN50dpUSeY3F6I63Ghag7JGl85V2d4MB4Uw801H6tE8VPT06t8YBA09DDR19m91CZa0ygfsch6o1C89GnR39wWTGmz8Hej6G3FN3M4rvGBEv8sJt4kR9b2G91w55q8q1158CIW25N5Ls5j14cOh3RDTxG1eeAqFT4qnFmRWYRF78bLvnOlg0p41Rl6WXzrUa55R1nV2u6J89HuJi4hI13TmX06XpUt6zN4974Af5ieqf4rDmvbFkLiw84JnVqmtC6d0pg0JPelTKUw696y0n0LA8SnigAXHT6fw6By78w3j5Bs9yu43xCigM6WXF80DTmMV0QUtvi9I4u9Ce47eOwY1XZ236T4u9W551964Qnx31X11FFE92oi9aC6o5y6W8B6e73ZkfuD3Qj6GL2Z48S5bBhOFHIiz10Ulr6835nKfbsq146W2xe5q12t0Z61l90L4m33rjuOpNRrIF2IS1j98O7ux807rO01k2OO1vb8W2tLnJ1wf7Av3t7Q3hDYjFLWzV5Ju7UH2NkDi8j27r2Lg0XHE3PEs0B1417m9zyYDY17O95aPAKZz326bT0eISNoOM18Ljf0lPU2B5B7JaQhjT4C7Y5E28Ic3HP1uIAa4Y1kz587v4Y2j1fJ90f94TrBHM7Oz2x12omt38g2v89u08POSdiDJS7Bk9y0NpX0La81rBfk5EY9OxIRwOTzvvSpn53GnlTCiu0aIgM3ewIrwI941MlWpHJ9ZVrO75XLDH,7XX41Iyi5HO1wd964XfZW3hL5Lt0DAjm0M9B2vyfdXpOE2I4W4YBuU1j2Fly1D07qdd447yu7SPV06A03pU7vLyAMxxv5AIAkO9TIM1sJXEbJA8DcnR22H7i65CVl2K7LPePiZW1z1yEov7w072p9G56trv04wSRtZup0vO0lj7T05F6Cf5k7PJXo1a29IGj0OjXMl64MbVwoOJT70u80qp41wBqJ9ASkyS50sgjI0SAgJWDjh3kgKH39pZoCv49FFZ,2019-05-28
Tres-Zap,"Maecenas ut massa quis augue luctus tincidunt. Nulla mollis molestie lorem. Quisque ut erat.

Curabitur gravida nisi at nibh. In hac habitasse platea dictumst. Aliquam augue quam, sollicitudin vitae, consectetuer eget, rutrum at, lorem.

Integer tincidunt ante vel ipsum. Praesent blandit lacinia erat. Vestibulum sed magna at nunc commodo placerat.",SfV8p5xisbZQ1y2D0VXfo522uCkFtL8z5mbm891vk828F6wt3qn4UQ619l3k1GFRsR7szHcYUq0Th5bXisl7d1vNxtVv1dMkVEEKx6qSeR642gddS4fo8m7puEM7wcEiC983DTM28z4eul73aLtmpLSlj6lv5F5270s2n8077GjH4AspAVJ3xJnz73IcTH0d218NLfYSn1SLp15mQa90H4s4m3kVi7Jtd8CGVxy9K19zMQHjw5bp7E85bU77FarlCbtM7033K832KoAr4zy94yHSQ44w6JBQLUQiLhgnQ4cxNnR7r1Y82OndaVz0LZuQ0RIOh0VCPqjaU9BaoxI0K5H77dT6KVpZt1kkdef9VY1MA3171Tr3MR01XC2qODm8r1Cs55u03X3JtH,\+,n5Sw4My02PQVK6f1R76f1bRkAXP6t5k7pDKJFvXwU03av99tZ1N3gCQ6HA2qX2O9oYJ7cxqW5zk1oy489u00U1H3Vall9gB4N3T9M84j9N5nTtn9D02p4dy7Cnkh775iX0ocSs8H1dlj4c8SE1y0vE68a1PGjDsk2bAUcEw49T4eR0PN3UG5zmJL1k0UCF2N5o3Cc3K5Vm1713P4DYyRKn5SDqw1L612Fu2,4gOzE4c8412Vr7SCEyjQRmSlD7MctJDI0wNoH2fc6C0u4DKjmk2rs76cde8KjoovUuQ9HW03LJJBEM6WaYU6avCvF9X9j01zn45gtTqQAY9xBfq4PrLtB0M8v2z1y3ShjDroj6U11T2518YY5iQ3ANJr6x14Rq9ShL142x3YV8R1ChD08srWn6i5geD96GiNw7dyEX1n354PEGnAH79X7oX9ccFINIH7tF5E6e0JV3gu32D5IQoh8j3NtuYJOQdrdX2V5FP9l95cYoY33U3h845cWNgEHT516O2762440SdfuTGi1TvKs1IQa0rrM0jxPbu7Xf05MyU0J,A68wkcHGP8j3DGcbLPYY1wpwU5YRIa34eUWYrcY4hxm3YM9VhTvjNhEL97diL0fLNPZ6I6aQg01Fhh2mQ05Xmy9sFPhXy9D1NzFJ1h01NRyjon0LYylKj71N3CiMJg0bV58c5GZNe3lV8q8pO0OjLjLKQ0Wl363yyQI0tf19hue5aJH6D73RTD6oBKz6aUW4BYtIczlRZJvre29Zp6wLE2Q49Mw8i7917Cx7D5v66h7Vmf46KfQ67matJ18Pro4TABT5YQIY7VIC1O224e3Ce3K4h9JJHo5rT4k8tqFDN37tu0D2Es409zvl4J25T3N81Z1283DB070r8gzHz5y46j64h0N3wHf2MdN99D3vMbSDZ2DxTbm29C1hBS0NKZawwpvf4feS1416doAkPm12l7vJObrd1UwT3Y4ggNqkrMKV6UsRY7DfwH8u1G4T89VR1XxQy26TsVBQ6V10H1p4VOnF1MAxGQmT1Z2L8NY9E91G37cZ0mB8UXqP85g3Bq2JxQMKa0Q71naJaNHA4Cqy8JGF06yQpCrH0S0DGfAESBtLDU909pCjb654FDjzKu27sjxy6k2RpV9hoj7PiXDV689o4477F64fBrjLIy5n4fwOXUF1hz49Be10Pg78Xi5MjU51G2hte4rc01H9D1XynkEeML7rf013b,e65WLv9SE3D2GjeqSdnBs5YYA03EVW9Zkq4fD6fX5u3yceteQF2913R7g0LOyub31TQl21i3yyUteH3Zzq951e8yg2GNa7l3et24b01YF13Ggzh7t9Al1jVk2izAC2Dm5UM1tM8TN3Q15X3YC61i0A80Ox134dLn,2013-12-29
Viva,"Cum sociis natoque penatibus et magnis dis parturient montes, nascetur ridiculus mus. Vivamus vestibulum sagittis sapien. Cum sociis natoque penatibus et magnis dis parturient montes, nascetur ridiculus mus.

Etiam vel augue. Vestibulum rutrum rutrum neque. Aenean auctor gravida sem.

Praesent id massa id nisl venenatis lacinia. Aenean sit amet justo. Morbi ut odio.

Cras mi pede, malesuada in, imperdiet et, commodo vulputate, justo. In blandit ultrices enim. Lorem ipsum dolor sit amet, consectetuer adipiscing elit.",StqOc7fljP94KLUdvC5f4QCp5o39rRN2I2FWRCH9CdYCnQO009Z7YKGj4Gd768T5ydf11796FT8Qc5zl6j3nm874NNH71dsv8795bxoaC0vQDTOM31C4V1f561OOb4GC9s3Fi4DdFgE1cD0y0EV4lY6T09uKcb8IeNTpY7EPtaDO5LTu5R69QxU882v9fj3vKuXOCVInqkHlQvm5HZ64K4w9FKjN49x9fF2O710Fq53CJB1OOwi5jTW6MiWvlhI3KQ56PZA7JDd7B4d7BN4XSpWyQO6O6zb3W3ZvfTL72c79U7HPDLDxzD6QWConu4Nhwq6OEIKLIp44bTwfybV4ZwulMk77kuWBcKWkTtck5nC38zK2Xm8H1wg70rr77C5M9pYPBTAN5OD9XIWJtP9My5NskQ4h68585LRyLV1LOeOMHn7As4lyoH479DY1Y9mTA4NdChh,\+,08yq8Wy0DJ9x1nJMKg3VaJ4966s0b7UYJwnv1PJpdnU4c8hS7iSkv6M5byrV3kV47L5LF300NfWZdZ22r839Z1rCHSP3Z09MAqI0QunR5dySpv8yffI5Vb67Yu0xSNLJ6APdPP48s32VN95pX9DV4Zqg07QnWrF7lwjsn3xt39T7JA4B31y8iSWt3wY668gQwRm72i3u5V0js5631O20j1yOu10orceb04IrR83CBiUDh7jDnka8s3fR7KAL7j9r9E4kyJ23SPsE7bMmaKtk32c,d4xJd3I8i16a0pTj0UK1lHr0f2rZI1f28m377t0pf80F6XjmFJnk27076tpORikJ710yuB9430w4lLoy7mtAF5d3HYva2iE3hh3axRL99FOl6icWB3GOAkML506943TTJ9El52Y2127aDX08y7wTWB99fSEmNviWG4Q7oLoXKI4OLBbAdZ4hiXi5225vCBLn4L4UGmd3DMWOXg1SJUgXfg5W88n9sk72eu28PMmZzZW1au75X2mS200C2UbL2E5Amz4S1yIr7T20SJmal4gSSSQi23n42ti76513kSoH83Jk854OX527MD4PqBlTPq1r53i4H73Qkz0Dd99eac42Otii7a5S2aNGxzkZJTV6iTpegAldA62oP4aVI9898C6aMX5A4mN507g9OBm9BAbrnBBcTq726Zh0TabUFE48LEm966tQ8iVq5O9955zLvgSCDC0HrGVyc54b4kanJ0X79dX3qCApoQh3YlQ48992I1Zbd66CnB,0sETNpu43hdqFaRaCXEfL3BSNfkmLBBBhDYXhaL3mqgMwEMI1f9983F1GylurL20nLOtp6cGCBbkGyb5P9Cu1Lg2763t3UOQph8KoL8qn13vAu7D0GqVEW8t797tyJWkQkDWA7M6Jyc9LAjnwzhu6x0xZDQRsHk0Ev8bjz9fJ3n7JQey2yf9786Y3wf03w918ZQp0rT9w9TOkdzNiQ4e8x7rlmpwmT81XZ78PT4X95C988HtCWqbUgcF3l4M32i3wT61v4m1K82xmnV6CVGkTMI83JM5VKT1euTYpemO5c07eiOSDvXwLAOUf72U56EcioNOdJ8dWA8N83TNUlZovQNYx6dpI4fxkv0bnMZYO1Xtwnam84D416d4368QGFYi258K4OaRS4582Ut1yL5SoQm4nvxof75eI2ZK10W7F74z9Q1J7JMNE5dk94pP7r8Nn49wXSIAmeH5rOifD52u1QxN1Wld8EYQeY3j124hmPsl7Cb9l4l1Q5U6BMmZ7JlcOlrb961BDeVg8tn3e3eV7Sc5fq58pKRORz5by02gL1If0mX145JB40J0M1w1AUe26KEZ0I28A7Q5niLTrpN0b2n4a32l,J61s8ieU5ij59mvU1rpKA78e0oZvNxdJr0EF5PC97VL,2020-07-11
Treeflex,"Phasellus sit amet erat. Nulla tempus. Vivamus in felis eu sapien cursus vestibulum.

Proin eu mi. Nulla ac enim. In tempor, turpis nec euismod scelerisque, quam turpis adipiscing lorem, vitae mattis nibh ligula nec sem.

Duis aliquam convallis nunc. Proin at turpis a pede posuere nonummy. Integer non velit.

Donec diam neque, vestibulum eget, vulputate ut, ultrices vel, augue. Vestibulum ante ipsum primis in faucibus orci luctus et ultrices posuere cubilia Curae; Donec pharetra, magna vestibulum aliquet ultrices, erat tortor sollicitudin mi, sit amet lobortis sapien sapien non mi. Integer ac neque.",2yW7F2R3P17oTXEp7p47yTQVoeJWKSyJe85FQ47n7JqG07aKLaBnCg48D0U0k51ZMBX7jmVuh9cm9hZFYq6N10k587MIH8s9e0N6K95p6INhsujLSI8B8atd9MPm92vCXRicuiN6g9LfO893lxJ41n44t4by1S72j0p3jy0IT7n485AQD301GQ32NVCyAROqJ43UnF9GPi09LxNJXhqPOf8jd8uFthE01jU6cNiuVzmjS2b3CTaoCG73624Rpv0T39r0zaUuyw087iA26U1Om7q5JF1OsU6h3TJq2RAK9i6Q,^+,s2878B9v2Q4WyUe33RCWHqnGA9Q7hJVw0G25vqnpu9R1bIvr7aG187ukJL2IXMn72m4EM1je8iU5P,3BALtromFTtGmA2sAs3xn48Ovhw96av4Q1h7i442Xb7IjhGBAXwyvQlMOwDY0jy1lX0hR6OeW3KawJw3OWnlv37aEB2P8We0L00wJ9vt39Hl04O39u6kFyzi1HCmMj7U2k6G62NM35SpqFl35hiLnTXcuHlVN8pOMI747AHa5F2Fj2HK641x26Fd8ZA06k89qb7CHyflNf3apiSPdN3Gze8gg5EOsidWpHd34Gu2OsDic76DQ9jIHZeDg7SF4xhI81Gr6bj9Sg03YtV27IR0DV71bJ0At9vjhK3lbEZC4MX7oLcRr6Lga7pv30W1JnW584iy3xVH6xMot67y7N1vyf0rcMH7V19mG1QyYS05R2PF81L2I4Z75kIcOD0x2aSVObsM9C8fo7E9m0WZh8NCG1g3gfmS8I2iLJEJBRkF,8aVIIhcGZN3w09p9qLNneZr1jI3gpwZfv4Y2cJv5y19Q7xCa560cn4Ds37M5kRisijUGMhuSY2701S2jYEkDq9UrNMD5003Iz5L9YLXyqMtyMA1DM55bbO72S0mu7845841IGk3B2MIlo9ubfkLqlGva9URlff5R4BJBn2ud1d7bhBFv7H7NndKUI6E5b11Fv9gMInH1Lf0VZoNy9egP08dN5C2Pw8LF3e0vIn8oFyot6F7030narGQ4EUP05079AaAI2Ic21i5IEn8L7tt709d3NkJ7qwbQH6bZXw3z0mWjv6quntWVnmHZFUbg8VnOj7iMR0m6dy2AgQM2dfL74x99k7KrEz24t2sgYjW8SnanyPN6QATqcEoHS52w37b3BF503j40CBCL6dv79Iq84a2ZEbeDAjO0ggx4HP5Cmx6try02lTfEgS1S671Nl1FwT677PbKJ4te8w01gaA894epjR5Bx62NlX563aI18rDz6mGy8FVVWS90Uce6AD5aCNm5Wm2aJG9jJn4F30y5eNs493Hzu80AQe0bmabH7PU7hyHj1x6985xWL6jvYB6z1j9ZHSd455DdxlNXu3aqvo1jqAlOkZ9q9Nk3zFEBawigU188ssOR2omjfX1M1UIi2wgHHaU429THdJhc6AO8981QDU6g62M6t2jBrhDgr0hg8NWQSOo1ztjho1Xva7V7laoWL8EINZUUQFRat8hVshYwr12xkrE258jcmG68F742N8965096mWxDi8E344cGWdBOKwCo23907x5YCVDDFDr9r4XhMEw8,xlzw660lfBv3CRVqbjOX7lEXyZ82UIOlJhfv71nWV1KRwoMb0CgL3E8ye0max6mot3uYddbq0063gu2kHYH11EwxViAIUY15Zq374vXA4klwxD5IX0xDG7ce23j5w3YW635797n5tOtrY75DGDpMCb6Ocz4670Ky34wR7es7Nl8lDUEB10iE5F7628vHpljy8UdYF5XasNsWQ1jmbXFuElsHXXTMEVFLD5eMaZ964i76u6mmu3u8eQcR1yXM94ZD87SQtm883vcvX4959jz6q18G73woAOo1Kmnm3KVWi,2018-10-21
Tampflex,"Mauris enim leo, rhoncus sed, vestibulum sit amet, cursus id, turpis. Integer aliquet, massa id lobortis convallis, tortor risus dapibus augue, vel accumsan tellus nisi eu orci. Mauris lacinia sapien quis libero.

Nullam sit amet turpis elementum ligula vehicula consequat. Morbi a ipsum. Integer a nibh.

In quis justo. Maecenas rhoncus aliquam lacus. Morbi quis tortor id nulla ultrices aliquet.

Maecenas leo odio, condimentum id, luctus nec, molestie sed, justo. Pellentesque viverra pede ac diam. Cras pellentesque volutpat dui.

Maecenas tristique, est et tempus semper, est quam pharetra magna, ac consequat metus sapien ut nunc. Vestibulum ante ipsum primis in faucibus orci luctus et ultrices posuere cubilia Curae; Mauris viverra diam vitae quam. Suspendisse potenti.",WHKNOw2uu4G84yrYYDC8ViwAkPojaJ73GiXi74Dce0h83CqtTC966sxinLDaB9dsCtnLhjoX4CF6rN23TTH574uk48HDeAq39tiqLL48hZWCL1Mq27wILwP493DpxBWE8xvMZ77v4SX82L2qEV76b9by2Ho8H640vFcV5lFe9CRewg8e7O242oj1r3S3T93x8yKZT958y86JJepFek98m1AaX5D50V67NPYcxbI8E2thuxXB6U0uJwn5D5mX1U4RfJG6LvBZUnyk7CBb0tLP44L2DuhLmv4492dPe8KZ792s0kk7I73UUWXphPt61W2a0SHcw64j6Edjg6741lpP4VLRSvYya66174oG01yQ5eQQtKu2NgFQ20y4uV19294yUqIb50n93XeunB9uglp4WR00n8ch0hh0kKFZmarXI8fdI38731F29V0X2BZ5QZ2xFUqLbh145on81Fg40lHUEu4t62w8I3WWkbn9g1maRoEc8T1wV,\+,s3wJFfgOGPN6WNOJAY638d77a76w9u025x7K2yR97ciLPGZui3w1b004rzka0Z90vnCS480MyzYHEv9IbKFngpExbayEPMZ3boj1q4i9P,l8b5LJtzoFotSaHGYAMfSntfq1t77J4lVnc4nQ3iR8uH8jjI9L8lt4TqdFLkkV42gJyLnjUW0e5v3ANrjodbpV52kALDWY5mBjkZP6SPD3k23g9cc18J52ouPg23h76R5Ejwc7ZAEfx3gIH9xUjTFp2C7QD9O66YAgTt2xR2BQYxmib8yKe9wFC9D3w1zSRwCs9OjY18nO244IfEorMsE20nsh7k6pfJ6hyUZ6WiyJLD7WcW3nA9x7l1HwcWZdI7D6BpsS3rU2Ag9RB6EGy7cqLcRPc2I0VRx00a4G6wc225d151GLN0ccw10xgnjqF0CRjmn3o03ZA12J7kapv0s0nzCa7G9b647I2Qauc0v1HQd99,vCftvHlC5HBZL4h4nJ1PGqBk0NvzzJ4GLHiJ3YBmhFc23somwCG4z4HyqYvO6OffHVZa0NiV8MZw360Y57l0Pz5wmv4lLXA9xl04RQl5YMQ95bMRKyJ7EeEUH0u0IXgD7Q1HxzIvDnJ8JxH1G2ZrMZz1796gck8iAUtsc1H7R2W69USTFtq7dehM99P26kU42o2K0F2kTeN49F8ufO1KQlt58P8y6HNNOL10XH2c8F31roG997O6F0RlW3c25o67b6rXne443SFhQBwxQ165gR86V72Y0kuN8e97P9Ns2DCQ7m43XuVcyCew4j0zUT045O7ed7S027KmXI36GU4VO030C717xzVaD1WQB7j34YZYW2yz8pAYkhU5X1skTwHwi8ttDZAAb347z76V3is8ah8LB04rGsDEphf8gK113OH88HSpR1pk687epX9xg30MrMu8w7u2CUtVVqmMMpaQhwVepww3tuxSe6U1d0g0UQ28q5P1U7w7CIayfdoQxt5aopm2eqn8240lsA5jhsvVnkYD3AC9lMnp9xOSmLQpFs1uhW871OAwHVL2rM00d4S85tjt900QB2dE5THFlS7ft3RFd69E6v4DX9w1DlxBBUB2l9P196d6cCUz87cOjO2ISh12gFuLZ30p4qm5GiaTj05F99gTK3r046M54Dd25VzSz1Oyfae15FJRLAqBlUiu713NYy01Oegj6lW4Vyp1R9w7VSbG2NfXdM9g5G839xMV8,iTYHzhI904DlcP3FiaWNf0OBn9BgiJ3pl6k9j6n176nTaHU7j5m0g9i2364S58uzt64Tr64yxPH41gyEvBP12P4KQY1IbtMgrh489k433z3jrYJeEpE04EmmN0iN90EI8A5xO8Rs6I8xZ2qfPCqOzTWwp3uK9ZUicO1MAi7KoxpPcD6jBa45p5135Mc8UiRQ9tg2IKWl061VC429waKL6cS995GVH35E5Xh1Zv3C8F6a5RG14dNh9M0j1j0if50Aq3wqY81R9IL2FB7hvqbyU8yI95F2p7RHsgmt174UGxOKZ7TXwYEmdpZAfTA9y3uR08GQswKMp8B0uPD204yOc8o3sYBehdY7I6BhDaq9J06t8cJ6D72IXUr2c7q0x5wy498qdwzgx46Eg2wQx246lC3f33kC08tLC9XijJ3P5JE22MVhrou6Pky87XW6ku86r,2015-02-10
